Title,Score,Created_UTC,Upvote_Ratio,Number_of_Comments,Url,Author,Flair
TEKKEN 8 Drone Show over Tower Bridge in London. ,9006,1706289946.0,0.95,326,https://v.redd.it/65opa0l1ktec1 ,its_muh_username,Discussion
This sub today,8141,1708434406.0,0.91,1183,https://i.redd.it/da0nqonmoqjc1.jpeg ,Evogdala,üßÇ Salt üßÇ
How can a studio that has been making fighting games for almost 30 years be so incompetent? It is honestly embarrassing.,6741,1710418584.0,0.94,546,https://i.redd.it/tk5rciyhjaoc1.jpeg ,BobSayon,Discussion
Nothing could have possibly prepared me for my opponent. ,5570,1710306838.0,0.97,261,https://v.redd.it/2nl05t25c1oc1 ,SirTheadore,üßÇ Salt üßÇ
HEIHACHI RETURNS TO TEKKEN 8 IN AUTUMN 2024 AS THE 3RD DLC,5524,1721603707.0,0.93,1410,https://www.reddit.com/gallery/1e8zh0q ,Xanek,Discussion
Congratulations to Xiaoyu for being the first woman in Tekken history to actually commit to ‚ÄúI can fix him‚Äù,5012,1706815400.0,0.97,370,https://i.redd.it/jasluqphy0gc1.jpeg ,Memo_HS2022,Shit Post
TEKKEN Pros Be Like:,4946,1707550544.0,0.97,180,https://v.redd.it/zazcz1cgophc1 ,Dashoholic,Shit Post
The main menu have me like,4703,1706535262.0,0.98,157,https://v.redd.it/jaak3fxhtdfc1 ,Jojoburgos,Shit Post
This is a first,4642,1707418506.0,0.98,276,https://i.redd.it/t6iocd3urehc1.jpeg ,Significant-Split-11,üßÇ Salt üßÇ
POV: you're the npc spectating a match at the Iron Fist Tournament,4504,1723859533.0,0.98,108,https://v.redd.it/tdnklkbfr4jd1 ,yanos626,Quality Shit Post
tekken be like,4489,1706609473.0,0.98,190,https://v.redd.it/f0ncvqw5yjfc1 ,GT_Hades,Shit Post
I'm not crying you're crying üò¢,4410,1708708175.0,0.97,155,https://www.reddit.com/gallery/1ay5sfz ,None,Discussion
Just gonna leave this here,4407,1708539327.0,0.88,2099,https://i.redd.it/537hg13mczjc1.jpeg ,Ilja003,Discussion
Important Infographic,4376,1707439446.0,0.97,216,https://i.redd.it/q4xpyuh1ighc1.png ,Torq8,Shit Post
PhiDX gets plugged on in his God Of Destruction promotion match,4346,1712858004.0,0.96,390,https://v.redd.it/9oqy8x282wtc1 ,Kim_Woo,VIDEO
Character Discourse.png,4194,1712326048.0,0.96,510,https://i.redd.it/f77ulf8h4osc1.jpeg ,TheMechanicalWall,MEME
Finally the full introüò≠üòç,4143,1702770227.0,0.98,138,https://v.redd.it/t90u8564uq6c1 ,rolanbkl,Gameplay
LowTierGod was banned,4128,1710558633.0,0.94,597,https://www.reddit.com/r/Tekken/comments/1bfwe9h/lowtiergod_was_banned/ ,WeaponXwastaken,üßÇ Salt üßÇ
Namco vs Capcom be like ,4086,1720075080.0,0.97,272,https://i.redd.it/2oy0vnrb6gad1.jpeg ,Extremelysolid8492,MEME
Kazuya's Tekken 8 experience has been rough,3943,1724161458.0,0.97,156,https://i.redd.it/6gpnk1y7ptjd1.png ,Bastinelli,MEME
JDCR teaches the ghost AI how to teabag,3906,1706474988.0,0.99,81,https://v.redd.it/r9fwjpj2u8fc1 ,cocktail_peanut,Gameplay
My experience with ranked so far,3786,1706496658.0,0.97,668,https://i.redd.it/u0f8g7npmafc1.jpeg ,Flindo00,Shit Post
"New player here, but wtf is this",3788,1707980108.0,0.98,366,https://v.redd.it/8vjhfueg5pic1 ,themuffinmansbrother,Gameplay
Kazuya rizz,3765,1708937368.0,0.97,155,https://v.redd.it/xxm28xu48wkc1 ,ItsRaptor15,üßÇ Salt üßÇ
Tekken 8 = Newcomer's time to shine ! ‚ú®Ô∏è,3751,1706862510.0,0.95,1510,https://i.redd.it/cwm1bdlku4gc1.jpeg ,InSociet,Discussion
My Reina cosplay!! :^),3721,1715435550.0,0.96,178,https://i.redd.it/hdgdv0hmyszc1.jpeg ,louxxei,Tekken IRL
Tekken 8 main menu be like ,3691,1709714808.0,0.98,146,https://v.redd.it/72d6j54xfomc1 ,RelativeAd1253,Shit Post
"Run the set, bro üò§",3659,1709465276.0,0.99,184,https://i.redd.it/ohoiwbcwt3mc1.jpeg ,None,Shit Post
When customization goes too far üò¨,3638,1706743267.0,0.97,375,https://i.redd.it/6y9zs6600vfc1.jpeg ,Awesauce1,Discussion
This shit is beautiful,3636,1706578495.0,0.99,160,https://v.redd.it/fi2nvkfxdhfc1 ,DRKtoss_98,Quality Post
When 2 yoshis meet,3635,1706891442.0,0.99,118,https://v.redd.it/ftmgk3gl87gc1 ,bonesmohr,Gameplay
Tekken ranks according to online community,3612,1711637271.0,0.95,783,https://i.redd.it/j05nns0e83rc1.jpeg ,ulvnoir,Shit Post
Tekken character after being KO‚Äôd ,3565,1708095898.0,0.99,111,https://i.redd.it/3jp85wi1qyic1.jpeg ,Arhima2l,Shit Post
"Happy birthday to the man who started it all, Seiichi Ishii, the creator of Tekken!",3488,1723957068.0,0.99,73,https://i.redd.it/labe6c7gtcjd1.jpeg ,Jaccblacc203,IMAGE
Back to punishment training!,3452,1706462237.0,0.98,291,https://v.redd.it/i6uqtxucs7fc1 ,Dark_Reapper_98,Fluff
Harada Destroys Brain Dead Twitter User,3410,1704315834.0,0.97,277,https://i.redd.it/j7fgdepxhaac1.png ,AssociationGrand,Discussion
Know the difference!,3379,1707065048.0,0.98,426,https://i.imgur.com/CS70V7S.png ,wingnut5k,Shit Post
I was one of the people defending Bamco now I feel like a complete idiot....,3235,1709214270.0,0.92,897,https://i.redd.it/ynkko6bj3jlc1.png ,Bastinelli,üßÇ Salt üßÇ
Jin kazama easy combo guide,3236,1705330461.0,0.99,238,https://i.redd.it/r7ovlskxamcc1.jpeg ,No_Jelly_1656,Guide üìö
When you're fed up with the King throws,3231,1708302469.0,0.98,196,https://v.redd.it/p3o4zrlzrfjc1 ,Mufasakong,Gameplay
I swear some of y'all really be thinking like that,3205,1709309133.0,0.95,692,https://i.redd.it/cehw92w3xqlc1.jpeg ,-X-LameNess-X-,Shit Post
Easy way to break King's most annoying chain throws,3210,1710596354.0,0.98,264,https://v.redd.it/urrqzji59poc1 ,theactionstar,Help
This subreddit,3169,1712062946.0,0.94,236,https://i.redd.it/4d3i8mq2e2sc1.jpeg ,TJLynch,RANT üßÇ
"""I quit this game"" - Harada after losing a best of 3 against LilyPichu",3144,1721430037.0,0.96,110,https://v.redd.it/589m3dla3kdd1 ,Xanek,Tekken Esports
She doesn't get it,3135,1710846159.0,0.96,128,https://i.redd.it/e8yu2u5hv9pc1.png ,MrEdews,Shit Post
Reina Cheatsheet,3096,1707114421.0,0.98,265,https://i.redd.it/vmklxqehnpgc1.jpeg ,Sir_Kaplan,Guide üìö
POV: you're the NPC spectating a Tekken match - PART 2 (front row seats this time),3094,1724284034.0,0.99,120,https://v.redd.it/5pc3h4tnt3kd1 ,yanos626,Quality Shit Post
What happend to Lee? ,3096,1723301734.0,0.98,150,https://i.redd.it/l0wrohttouhd1.jpeg ,dutchexcellent,IMAGE
I brought a special guest in Elden Ring,3037,1708092678.0,0.98,115,https://v.redd.it/llzxu7z4fyic1 ,tchjay92,Fan Art
???,3027,1722894602.0,0.97,98,https://i.redd.it/yubqitp72xgd1.jpeg ,nematomorphic,Tekken IRL
I love tekken mods,3013,1709244398.0,0.99,155,https://v.redd.it/8cxo3wk4lllc1 ,None,Fluff
I beat Low Tier God üòÅ,2994,1712674837.0,0.96,503,https://v.redd.it/ejqz35kkxgtc1 ,Fishing_Terrible,VIDEO
"As a new player, this is how I feel",2970,1706974344.0,0.91,544,https://i.redd.it/nnr862643egc1.png ,Rymere,Shit Post
My new strategy is too strong.,2960,1707246815.0,0.97,331,https://v.redd.it/a0zqvp2bl0hc1 ,MajiEmi,Shit Post
One day you‚Äôll grow up,2944,1711176172.0,0.98,178,https://i.redd.it/2ma10q1b51qc1.jpeg ,Feeling-Ad-929,üßÇ Salt üßÇ
What‚Äôs the one move you keep spamming in T8?,2926,1707066812.0,0.98,489,https://v.redd.it/n1hi85h2qlgc1 ,FatKingThor,Fluff
Bruh... they'd be unstoppable together...,2894,1724354138.0,0.99,83,https://i.redd.it/waxa4bp5m9kd1.png ,MadMikeYT,IMAGE
"After I played like a total douche, I was shocked at bros message",2885,1712206235.0,0.97,234,https://i.redd.it/qgdl7tn78esc1.jpeg ,SirTheadore,Discussion
My Lili Rochefort Cosplay,2880,1706641342.0,0.97,200,https://www.reddit.com/gallery/1aewb4g ,kanalyss,Tekken IRL
Did a Reina artworküòäüëç,2868,1700379857.0,0.93,65,https://i.redd.it/dwbkxqd2e91c1.jpg ,masmarcos,Fan Art
"how fucking entitled must you cunts be to get mad over someone not rematching, touch grass rn",2845,1708792302.0,0.9,587,https://i.redd.it/bsjve7qs8kkc1.gif ,BrotherlyVirgo,Real
"Hey guys never played a fighting game before, decided to try it out and bought T8 this morning, just reached Tekken God. So proud of myself for sticking with it!",2835,1707882436.0,0.95,186,https://i.redd.it/emmwzs7c3hic1.jpeg ,CrystalBraver,Shit Post
Reina Mishima cosplay test!,2833,1709202152.0,0.98,267,https://www.reddit.com/r/Tekken/comments/1b2x4pf/reina_mishima_cosplay_test/ ,mercifulyuyu,Tekken IRL
"how do you even ""go easy"" on someone new to fighting games?",2812,1705071890.0,0.97,350,https://i.redd.it/31qvpy20y0cc1.jpeg ,altforcilps,Discussion
Plugging so common you get messages of appreciation for taking Ls,2805,1710637051.0,0.98,261,https://i.redd.it/0iraey18msoc1.jpeg ,HighTierLegend,Discussion
"""Just break the grab bro"" The grab:",2795,1723790248.0,0.97,147,https://v.redd.it/3tw8vbl61zid1 ,DamnRizz,MEME
Low Tier God calling out our subreddit because someone posted a video of him losing against one of us,2791,1712713581.0,0.93,715,https://i.redd.it/bv4oykat4ktc1.jpeg ,Youngstown_Mafia,RANT üßÇ
My first round ever with Yoshi ,2751,1707350282.0,0.99,107,https://v.redd.it/4czjmk1y49hc1 ,No-Lead497,Gameplay
T8 new character Reina announced,2726,1699850497.0,0.94,895,https://www.reddit.com/gallery/17u31xv ,Wrong-Snow7595,Discussion
"Well, that was unexpected. ",2717,1714083009.0,0.99,100,https://v.redd.it/dibz3h6t8pwc1 ,ELECTRZxx,VIDEO
We have a winner.,2714,1712163260.0,0.98,229,https://i.redd.it/7o3337bfoasc1.jpeg ,Not_booty,Discussion
regular yoshimitsu gameplay,2677,1706550548.0,0.99,74,https://v.redd.it/kqrphret2ffc1 ,GJTobi,Gameplay
This right here is why Tekken is the GOAT,2657,1706408708.0,0.98,112,https://v.redd.it/q8hbjlr6d3fc1 ,bigdaddycruiser,Gameplay
Get ready to cycle between 6 characters at Evo Japan 2024,2649,1710964621.0,0.94,470,https://i.redd.it/t7vfcvt2ojpc1.png ,HammerHandsX,üßÇ Salt üßÇ
Kazuya cosplaying Juri got meüíÄüíÄ,2638,1711052489.0,0.97,76,https://v.redd.it/ak29gq1jxqpc1 ,ayyemyslime,Fluff
New Data as of Feb 8,2636,1707462062.0,0.96,1074,https://i.redd.it/a2gdh0jcdihc1.jpeg ,Puzzleheaded-Bat4201,Discussion
Real,2630,1706803215.0,0.99,183,https://i.redd.it/fyvnjkd9yzfc1.jpeg ,IfTheresANewWay,Fluff
This is who‚Äôs stomping you in ranked,2617,1707513401.0,0.98,118,https://v.redd.it/88ga0mpjlmhc1 ,movie_hater,Shit Post
Kazuya Mishima Cheat Sheet,2620,1706195261.0,0.98,226,https://i.redd.it/vy0p94qhqlec1.jpeg ,No_Jelly_1656,Guide üìö
The things that unite us,2614,1706045683.0,0.95,261,https://i.redd.it/pyi2vkcqd9ec1.jpeg ,Flindo00,Fluff
Micheal Murray now deleted tweet,2606,1716690887.0,0.96,356,https://i.redd.it/cecnnbt8no2d1.png ,Kiingslayyer,RANT üßÇ
Leaked Tekken 8 Winter DLC,2588,1722772418.0,0.93,273,https://v.redd.it/nv11xcyrymgd1 ,MADNSS,MEME
Basically Jin's relationship with his younger female relatives,2586,1708675693.0,0.99,204,https://i.redd.it/efytbzmvlakc1.png ,None,Shit Post
"Someone plugged on me, so I checked their Steam profile... (nsfw)",2577,1698254887.0,0.98,213,https://i.redd.it/d39lzg3vudwb1.png ,squadulent,Fan Art
An important reminder in these troubled times.,2558,1724587578.0,0.99,87,https://i.redd.it/eymxctmawskd1.jpeg ,ChanceYam2278,MEME
Xiaoyu and Panda introü•∞,2558,1702921834.0,0.98,164,https://v.redd.it/6un6vo2xc37c1 ,rolanbkl,Gameplay
Pro player JDCR hilariously discovers how strong his main character Dragunov is in training and first online match,2549,1706818329.0,0.99,237,https://v.redd.it/5guk5o4771gc1 ,SinjiOnO,Tekken Esports
Reina cosplay,2543,1716691577.0,0.97,108,https://i.redd.it/y143eaqfpo2d1.jpeg ,VAMPlREGF,Tekken IRL
Zoomed in nut Punch ,2539,1722543783.0,0.99,118,https://v.redd.it/amvll6s134gd1 ,Affectionate_Cat4940,MEME
Tekken 8 be like,2535,1707217448.0,0.98,373,https://i.redd.it/b4zdlrqy5ygc1.jpeg ,ShadowHeartRuby,Shit Post
Finally!,2536,1711977593.0,0.94,255,https://i.redd.it/7hvxpq9bcvrc1.png ,pinguluk,Fluff
Real one behavior,2520,1711501090.0,0.98,148,https://i.redd.it/unapdpcgzrqc1.jpeg ,owlitup,Fluff
Megan Thee Stallion dressed as Christie Monteiro,2507,1715326942.0,0.95,202,https://v.redd.it/k36kcfanzjzc1 ,Overcreamed,Shit Post
"Raven had 68% Disconnect rate, I knew what I had to do.",2503,1712735149.0,0.98,292,https://v.redd.it/pcviq6pwwltc1 ,RPhoenix28-,VIDEO
Looks like someone got grabbed...,2499,1710895487.0,0.98,165,https://i.redd.it/gekosrgnydpc1.png ,Shad0w2,üßÇ Salt üßÇ
Arguably one of the most fulfilling games of the $70 era. 90% of games would only have half this content.,2486,1706482384.0,0.94,509,https://i.redd.it/ecvk83l9g9fc1.jpeg ,Youngstown_Mafia,Discussion
Blocked it with her teeth ,2477,1721909302.0,0.99,71,https://v.redd.it/xm22ktveoned1 ,PatFury,VIDEO
"For those who say Kazuya is low tier, remember he tapped this",2474,1713028488.0,0.93,169,https://i.redd.it/r6t8tif35auc1.jpeg ,Wide_You_4626,Shit Post
These Japanese game directors ,2475,1722058512.0,0.97,111,https://www.reddit.com/gallery/1ed8zm6 ,Extremelysolid8492,MEME
"When you're bad a Tekken, but good at...",2475,1707237788.0,0.98,96,https://v.redd.it/pwx3qtk7uzgc1 ,LieutenantTice,Shit Post
Reina Cosplay,2465,1713188982.0,0.96,72,https://i.redd.it/bo4lsc9fenuc1.jpeg ,2D_dey,Tekken IRL
Happens to the best of them,2461,1707404605.0,0.97,137,https://i.redd.it/0o1mio2imdhc1.jpeg ,QuakeGuy98,Shit Post
"Son, you're gonna learn today",2442,1723813578.0,0.96,63,https://i.redd.it/7d327vr4y0jd1.jpeg ,Bastinelli,MEME
Nostalgia of TEKKEN 3,2446,1712233399.0,0.98,187,https://i.redd.it/iejk3cizggsc1.jpeg ,The_Wist,Fan Art
When I finally mirror match Zafina...,2443,1713951389.0,0.99,78,https://v.redd.it/isrm0flfdewc1 ,dustcore025,MEME
Throwback to the glorious Tekken 8 roster leak ,2424,1722880770.0,0.98,174,https://v.redd.it/akqr2nz2xvgd1 ,SleepingwithYelena,VIDEO
Eddy confirmed for Season 1 DLC,2420,1705260490.0,0.91,808,https://media.discordapp.net/attachments/713439789193363518/1196173705680789695/image.png?ex=65b6aa93&is=65a43593&hm=57260056224347fd187959e8893b5431d1ce2e6e6212c2672cee2022a63ef951&=&format=webp&quality=lossless&width=534&height=920 ,S0phon,Fluff
"Hottake: This ""Tekken shop"" discourse is being overblown. If TTT 3 NEEDS TO BE FUNDED BY YOU COOMERS BUYING REINA, ASUKA AND LILI BIKINI SKINS THEN SO BE IT.",2396,1708113199.0,0.79,855,https://i.redd.it/rccoekmi50jc1.jpeg ,None,Discussion
"Nobody:....Lili: ‚¨ÜÔ∏è3+4 ",2382,1709729900.0,0.99,77,https://i.redd.it/lukd4pqsopmc1.jpeg ,kelz_dunks4life,Shit Post
Jun Kazama Summer Outfit by Kttymya,2378,1723272672.0,0.95,98,https://i.redd.it/o979kijdashd1.jpeg ,adamska4,IMAGE
I... I play steve ,2363,1711812842.0,0.98,172,https://i.redd.it/l7760abgqhrc1.jpeg ,xXHuhXx,üßÇ Salt üßÇ
Yesterday played some Tekken 8 with my friends: I no longer have friends.,2358,1707047314.0,0.94,134,https://www.reddit.com/r/Tekken/comments/1aim6mu/yesterday_played_some_tekken_8_with_my_friends_i/ ,None,Shit Post
What in the fuck......???,2339,1721849977.0,0.98,192,https://v.redd.it/72wtwnyzried1 ,Esper03,VIDEO
Me waiting for the combo to finish so I can actually play the game,2337,1709491838.0,0.96,331,https://i.redd.it/vtytbc0x06mc1.gif ,renny811,üßÇ Salt üßÇ
Alisa's special intro with Jack is so cute,2328,1702426014.0,0.99,103,https://v.redd.it/69fkj22hey5c1 ,Wrong-Snow7595,Discussion
Steam Reviews will forever be goated,2314,1706279688.0,0.98,78,https://i.redd.it/crb29blepsec1.png ,Natemophi,Discussion
I‚Äôm a Mishima player,2313,1708013934.0,0.98,119,https://www.reddit.com/r/Tekken/comments/1arj76h/im_a_mishima_player/ ,Professional-Change5,Shit Post
This sub today,2306,1708439936.0,0.94,301,https://i.redd.it/e891m0115rjc1.jpeg ,None,üßÇ Salt üßÇ
Yikes,2312,1711802817.0,0.94,254,https://i.redd.it/3pj24o5nwgrc1.jpeg ,Naoto_for_life18,üßÇ Salt üßÇ
Truth Hurts,2307,1709773529.0,0.95,212,https://i.redd.it/cy1qnn0jatmc1.jpeg ,jakeistrying,üßÇ Salt üßÇ
"To everyone who's been teabagged or ki charged on, this one's for you lol",2295,1713053411.0,0.96,208,https://v.redd.it/czkditgb6cuc1 ,bchofyourdreams,VIDEO
Knee regarding T8,2287,1713440428.0,0.96,527,https://www.reddit.com/gallery/1c716al ,Classic_Bet_8612,Discussion
This is what Azucena does to people,2291,1709417041.0,0.94,350,https://v.redd.it/v0dcyhaguzlc1 ,DAAMBASSADORY,üßÇ Salt üßÇ
Paul Phoenix Cheat Sheet,2260,1707161904.0,0.99,122,https://i.redd.it/vkyynzilktgc1.png ,CorpPhoenix,Quality Shit Post
Sorry,2257,1708686929.0,0.97,227,https://i.redd.it/ibapbhdijbkc1.jpeg ,EatOutMyGrandma,Fluff
So I‚Äôve just noticed something‚Ä¶,2252,1711772424.0,0.98,143,https://www.reddit.com/gallery/1br8xzh ,DramaKing__,Discussion
Can't believe he's in the game just to say this,2253,1706614235.0,0.98,144,https://i.redd.it/5y56uu1bckfc1.jpeg ,KaramazovTheUnhappy,Shit Post
"...and that's why we need infinite rematches, Harada ",2251,1721654510.0,0.98,92,https://i.redd.it/2xus2axqm2ed1.png ,G-W-F-H,Tekken Esports
.... üòÇ,2245,1721994466.0,0.99,30,https://i.redd.it/9pitqr6npued1.jpeg ,Sonic-Hurricane,IMAGE
How is this even possible,2241,1719838151.0,0.98,202,https://i.redd.it/9if24wetlw9d1.jpeg ,dutchexcellent,IMAGE
Trying to sidestep a move in T8,2240,1709908465.0,0.97,424,https://v.redd.it/gzduolqpf4nc1 ,zkillbill,üßÇ Salt üßÇ
You cannot play as P1 or P2 in Replay mode if Eddy is being used,2242,1712049863.0,0.96,431,https://i.redd.it/avbsncl8b1sc1.jpeg ,Illustrious_Major398,Discussion
Kazuya was ugly as FUCK in Tekken 7,2235,1709334431.0,0.95,326,https://i.redd.it/j7cxhr5v0tlc1.jpeg ,Jun_Kazama456,Fluff
"After the Evo annocentment, I came to this conclusion.",2234,1722228722.0,0.97,122,https://i.redd.it/kqbvx3wtzdfd1.png ,Ok-Boss6327,Shit Post
Just Press 2,2224,1707322949.0,0.97,270,https://i.redd.it/m52rw3cnv6hc1.png ,Mr_Wombo,Shit Post
Imma just leave this here ,2218,1712528377.0,0.95,252,https://i.redd.it/qmauvyu3u4tc1.jpeg ,idfkdudeguy,MEME
My girlfriend broke up with me a few years ago,2210,1707061791.0,0.94,330,https://www.reddit.com/r/Tekken/comments/1aiqv5o/my_girlfriend_broke_up_with_me_a_few_years_ago/ ,fistfightcrash,Shit Post
Xiaoyu cosplayer with the cleanest AOP I've ever seen by (@amakura_suisui),2209,1698577351.0,0.98,71,https://www.reddit.com/gallery/17j0l15 ,leaf57tea,Tekken IRL
"In a female beauty contest in the Tekken universe, who would win?",2203,1722940857.0,0.84,1054,https://www.reddit.com/gallery/1elehao ,Kah0000,Discussion
"A famous man once said: ""Don't ask me for sh*t""",2202,1724753774.0,0.9,284,https://v.redd.it/ks4fse48m6ld1 ,Bad-Apple592,VIDEO
King mains,2193,1722607752.0,0.94,119,https://i.redd.it/g1em7zo7d9gd1.jpeg ,Bastinelli,MEME
I'm framing this ,2194,1708790965.0,0.96,406,https://i.redd.it/i3rmx6zu4kkc1.jpeg ,KoreanBiasMonte,Fluff
Only in Tekken 4...,2184,1701631438.0,0.99,111,https://v.redd.it/n3x1wa9rr44c1 ,E1KingCobra,Gameplay
HE'S ALIVE?!,2190,1721603770.0,0.98,396,https://i.redd.it/cvl9d71wfydd1.png ,Flat-Profession-8945,Discussion
Nah wtf even is this bruhüíÄ,2183,1707864942.0,0.99,238,https://v.redd.it/4fh19em8nfic1 ,Working_Confusion_71,Gameplay
Ah ok,2185,1712155631.0,0.99,52,https://i.redd.it/04xll3mq1asc1.jpeg ,nulliferbones,MEME
Which direction are all you former Heihachi mains going?,2172,1703711556.0,0.99,179,https://i.redd.it/qzeda846lw8c1.jpeg ,NoTangelo3604,Discussion
Found this out in the wild. He's definitely a Lili main,2175,1724327836.0,0.98,93,https://v.redd.it/2g6v90cyf7kd1 ,zellgronoz,VIDEO
"""Just learn the match up""",2164,1714059180.0,0.97,155,https://v.redd.it/llf8ycqo9nwc1 ,Master_Yoshi98,VIDEO
This whole video had me in stitches,2154,1707305179.0,0.99,69,https://v.redd.it/dw7oju6se5hc1 ,Groovy_nomicon,Tekken Esports
Tekken 8 ranked in a nutshell,2150,1707402258.0,0.98,182,https://i.redd.it/g4503prifdhc1.jpeg ,t7Saitama,Shit Post
Guys... hear me out.,2136,1706346112.0,0.94,446,https://i.redd.it/54ixz6227yec1.jpeg ,GurguitGud,Discussion
""" Such pathetic cake Mishima Reina """,2122,1722472672.0,0.97,100,https://i.redd.it/jeq2n6ol7yfd1.jpeg ,Extremelysolid8492,IMAGE
Lili found the ball,2122,1712152321.0,0.98,79,https://i.redd.it/qc9xfbdtr9sc1.png ,CeladoraRenders,MEME
Who is worse?,2128,1699190435.0,0.96,180,https://i.redd.it/73wv140k5jyb1.png ,Kah0000,Shit Post
Now that's what I m takin about,2113,1707729404.0,0.97,121,https://i.redd.it/mnu1gijag4ic1.jpeg ,TEKKEN8_BMW,Gameplay
4.99...üôÅ,2102,1709182079.0,0.9,1032,https://i.redd.it/oqx2fjqsfglc1.jpeg ,rock_solid777,Discussion
Leo is a hidden s tier character,2104,1711457130.0,0.95,483,https://i.redd.it/jy1i1qfmcoqc1.jpeg ,StarImpossible3690,Shit Post
Love doing this to king players who grab ,2089,1707303624.0,0.97,292,https://v.redd.it/uffbhnl7a5hc1 ,mattalun,Gameplay
Which one are you?,2085,1724146958.0,0.96,304,https://i.redd.it/1ghnfy24isjd1.jpeg ,dutchexcellent,IMAGE
Shaheen's True Ending,2083,1707087825.0,0.96,144,https://i.redd.it/oh44gkrigngc1.jpeg ,ShadowHeartRuby,Shit Post
Lidia Main Menu Screen,2080,1720761055.0,0.98,201,https://i.redd.it/p2rlgr03u0cd1.jpeg ,ControlAltChip,IMAGE
This what we doing now?,2080,1709487616.0,0.97,470,https://v.redd.it/7tul5mmco5mc1 ,DMTshapes,üßÇ Salt üßÇ
"I'm at a loss for words. Thank you Bandai Namco, you just made my day.",2074,1706298609.0,1.0,68,https://i.redd.it/z00upr9f9uec1.png ,PurityDK,Fluff
First salty message ( yellow ranks),2066,1711236139.0,0.96,141,https://i.redd.it/tlxmn5ml36qc1.jpeg ,Apprehensive-Cup-670,üßÇ Salt üßÇ
When Kuma meets Kuma in a random ranked game,2062,1706721024.0,0.99,86,https://v.redd.it/yna2ynnn5tfc1 ,WargasKitar,Shit Post
Hold this L Namco,2061,1712571668.0,0.96,265,https://i.redd.it/njguxf0ue8tc1.jpeg ,Chronoz1995,RANT üßÇ
Tekken helped me bond with my wife‚Äôs family,2051,1711614883.0,0.97,90,https://i.redd.it/417yqwetd1rc1.jpeg ,jerk_jamison,Fluff
Love it here,2046,1718460343.0,0.97,135,https://i.redd.it/g8tl22dqsq6d1.jpeg ,ShadowHeartRuby,MEME
Reina's dialogue with Jin in the hallway:,2046,1706492455.0,0.99,119,https://i.redd.it/mmle6yp6aafc1.png ,No-Implement4838,Fluff
One of my best comebacks,2050,1706705136.0,0.98,235,https://v.redd.it/bavhdbhjurfc1 ,Zavaa02,Gameplay
I made Leon :),2042,1706250229.0,0.99,166,https://v.redd.it/kk3bap9w9qec1 ,shmick28,Fluff
We are so. Fucking. Close....,2037,1705997194.0,0.97,148,https://i.redd.it/0p3noezfd5ec1.png ,Paulfradk,Fluff
What were the devs thinking ,2035,1721729168.0,0.98,162,https://i.redd.it/gfq1mt3ss8ed1.jpeg ,PatFury,IMAGE
I didnt think this was possible. ,2034,1722083210.0,0.99,130,https://i.redd.it/lu838w0j12fd1.jpeg ,Namara624,IMAGE
üíÄüíÄüíÄ,2019,1711795280.0,0.99,118,https://i.redd.it/wwdzzhi7agrc1.png ,cerberusthedoge,Fluff
The true ending of Tekken 8,2018,1710786843.0,0.99,37,https://v.redd.it/gni47vhlz4pc1 ,Sufficient-Bite-3479,Decent Shit Post
Xiaoyu Cosplay!,2017,1719234544.0,0.96,111,https://i.redd.it/toaivt1zqi8d1.jpeg ,xeralda,Tekken IRL
the tekken experience ,2017,1697841635.0,0.98,205,https://v.redd.it/ptzx2pvsqfvb1 ,FalahGames,üßÇ Salt üßÇ
Go for it,2010,1724085695.0,0.98,338,https://www.reddit.com/gallery/1ew6jw6 ,EnterTheDragon07,IMAGE
Trolling too much,2000,1722381971.0,0.98,147,https://v.redd.it/hti8rmgbpqfd1 ,Mr_Kuppel,VIDEO
"I was getting frustrated fighting Dragunov, so I decided to just play him for a day. This is what happened (I am sorry):",2001,1711551117.0,0.96,530,https://v.redd.it/250uhigv2wqc1 ,Lithium43,üßÇ Salt üßÇ
Time to uninstall ,1987,1711248163.0,0.99,156,https://v.redd.it/5kzmw3dc37qc1 ,Butchimus,üßÇ Salt üßÇ
LEE CHAOLAN IS FINALLY REVEALED,1983,1698768779.0,0.97,301,https://i.redd.it/pjfvat0rbkxb1.jpg ,Logencito,Fluff
Thanks harader :),1982,1724754667.0,0.99,68,https://i.redd.it/q8xvn46yo6ld1.png ,irememberTiger,MEME
orbital.mp4,1980,1713219646.0,0.98,85,https://v.redd.it/g6nyeazrwpuc1 ,Butchimus,VIDEO
SHE‚ÄôS BACK,1976,1714372152.0,0.92,510,https://i.redd.it/87ztl2ll4dxc1.jpeg ,H0TZ0NE,IMAGE
This subbredit lately,1973,1707386645.0,0.98,70,https://v.redd.it/zya5bxd35chc1 ,Dajmimeda,Fluff
Uncanny ,1971,1710801446.0,0.99,94,https://i.redd.it/w6q6740176pc1.jpeg ,None,Fluff
Tekken 8 New Patch Notes ,1959,1709086924.0,0.96,845,https://i.redd.it/3lb357fwk8lc1.png ,Seywel,Discussion
Lidia's priorities,1950,1716901436.0,0.97,171,https://i.redd.it/wx748zea163d1.png ,tchjay92,MEME
GET READY,1945,1714067496.0,0.98,116,https://i.redd.it/2r81hz4pynwc1.jpeg ,Holiday_Acanthaceae4,Shit Post
VICTOR IS HERE BABY,1942,1698930123.0,0.94,505,https://i.redd.it/mj44o01gnxxb1.png ,K1NGZUP,Gameplay
This sub recently ü§≠,1938,1723221391.0,0.96,259,https://i.redd.it/ew4eb13p1ohd1.jpeg ,Amazing_Horse_5832,MEME
New Title Screen,1935,1721686796.0,0.97,174,https://i.redd.it/memahdena5ed1.png ,smooch0FD,IMAGE
When you don't know the match up so you bust out the ol' reliable,1939,1712657884.0,0.99,187,https://v.redd.it/6el5ljv6jftc1 ,samweis_,VIDEO
Count your days pluggies üòº,1937,1709007198.0,0.96,334,https://i.redd.it/yov5bz0uz1lc1.jpeg ,neekogasm,Fluff
Here's some silly stuff while we wait for the Lidia thing,1934,1720655720.0,0.96,95,https://v.redd.it/l2rkft9n4sbd1 ,Guilvantar,VIDEO
Patch 3 is a mess,1933,1712094515.0,0.97,157,https://v.redd.it/1nwd1kiyz4sc1 ,GabeFGC,MEME
Doesn't really need explaining,1927,1723941288.0,0.98,57,https://i.redd.it/jp0d4jduhbjd1.jpeg ,Little-Purpose269,MEME
The customization in this game is next level üòç,1923,1706427783.0,0.97,149,https://www.reddit.com/gallery/1acxdvm ,TakaSol,Shit Post
it's an absurd time for tekken,1915,1714349797.0,0.97,135,https://i.redd.it/6y729xo29bxc1.png ,MarkBite_47,Shit Post
Oh god we get to look at that killmonger cut for how many months? ooof....,1903,1712016056.0,0.9,462,https://i.redd.it/g5pxliioiyrc1.png ,Kyvix2020,Discussion
I knew Eddy looked familiar.,1902,1705270891.0,0.97,244,https://i.redd.it/1fyr8fevdhcc1.jpeg ,Bones_2450,Shit Post
1994 vs 2024,1886,1723736889.0,0.99,104,https://i.redd.it/wkt487lrmuid1.jpeg ,dutchexcellent,IMAGE
HELL YEAH BROOTHER,1887,1706523752.0,0.99,110,https://i.redd.it/gbpteryuucfc1.png ,Yamaa5,Shit Post
TheMainManSWE realizes there's no hope versus WR32,1881,1712258144.0,0.96,311,https://v.redd.it/azm45xediisc1 ,haziqtheunique,VIDEO
"Jeondding's reaction to Azucena's new WR 3,2",1877,1712484064.0,0.98,382,https://v.redd.it/oakbz4x661tc1 ,S34NGUYEN,VIDEO
"Used to be ""free"" in 60$ game, now paid in 70$+ game? Literally drag and drop cash grab! I dont think its ok, do you?",1862,1711805689.0,0.92,713,https://i.redd.it/wbpn59ft4hrc1.png ,babalaban,Discussion
"Why does defending in Tekken needlessly suck ass for intermediate players, feat. Leo. A Longpost with animations",1852,1716480259.0,0.97,277,https://www.reddit.com/r/Tekken/comments/1cywf6u/why_does_defending_in_tekken_needlessly_suck_ass/ ,Leon3226,Quality Post
What‚Äôs going on in Tekken lobbies!,1855,1711541074.0,0.98,91,https://v.redd.it/4fx2w6icavqc1 ,wyntrson,Discussion
High level Tekken 8 gameplay,1851,1711109314.0,0.97,517,https://v.redd.it/v5kpbdo4mvpc1 ,None,Shit Post
Michael Murray confirms Tekken Coins are a premium currency. $3.99 for 400 Tekken Coins,1847,1708417308.0,0.9,1294,https://i.redd.it/b75vpfvo9pjc1.png ,NenaTheSilent,Discussion
"Tekken 8 drooped under 40% on steam and became ""mostly negative""",1846,1713783719.0,0.93,722,https://i.redd.it/mbwlr3pmi0wc1.png ,Simon_Said_something,Discussion
How It's Felt Learning This Game For The Past Year:,1846,1699716067.0,0.99,64,https://v.redd.it/a4882avakqzb1 ,SaucyMonte,Shit Post
Justin Wong: I am glad it‚Äôs different though,1834,1713421020.0,0.92,495,https://i.redd.it/of4m037ek6vc1.jpeg ,Jealous_Most9507,Discussion
Harada tells us the backstage story of King's iconic T3 alt,1833,1718887388.0,0.98,93,https://www.reddit.com/gallery/1dkap4n ,12x12x12,Tekken IRL
Bryan teabags me in previous round (not recorded) and then plugs when I hit my rage art,1837,1707651044.0,0.98,229,https://v.redd.it/9jgfaoj9zxhc1 ,dumpsterjedi420,Gameplay
Playing ranked be like,1820,1711641892.0,0.96,166,https://i.redd.it/gjs08up4m3rc1.jpeg ,HereForFreeGames,Shit Post
"Oh, the irony..",1820,1717274215.0,0.86,252,https://i.redd.it/3l3498uut04d1.png ,HugeOPness,IMAGE
Ling FLAT Xiaoyu,1817,1704097252.0,0.94,343,https://i.redd.it/r01vzsk1gs9c1.jpeg ,TEKKEN8_BMW,Fluff
Harada's dog Heihachi-kun has just passed away,1823,1698006536.0,0.99,53,https://i.redd.it/94tn6y47dtvb1.jpg ,Prestigious_Low6266,Discussion
Best Slowmo I‚Äôd Had Yet,1815,1708195944.0,0.99,39,https://v.redd.it/vmyych39z6jc1 ,Intrverted,Gameplay
He hit that sh1t in a tournament,1809,1722806004.0,0.99,100,https://v.redd.it/loxk8o6oqpgd1 ,Moistest_Postone,VIDEO
"15,000 likes in less than 3 hours, with fans on Twitter loving Tekken customization. Completely different than the reception on this subreddit.",1811,1706483255.0,0.94,209,https://i.redd.it/62h7d8rui9fc1.jpeg ,Youngstown_Mafia,Discussion
I hope you laugh as much as i,1800,1706654846.0,1.0,62,https://v.redd.it/dv3sfe42pnfc1 ,tiraniko,Gameplay
"Last night a casual girl challenged me, a Mishima main, at the Tekken 3 arcade",1799,1708281175.0,0.92,132,https://www.reddit.com/r/Tekken/comments/1au11tp/last_night_a_casual_girl_challenged_me_a_mishima/ ,Fantompain2,Tekken IRL
The life of a king main. ,1799,1722151856.0,0.94,92,https://i.redd.it/2bwjocgnp7fd1.jpeg ,ketsuha,MEME
Tekken 8 Reportedly has sold 2 Million copies since launch.,1794,1707953769.0,0.98,298,https://i.redd.it/qc0dqe7gzmic1.jpeg ,kevin1723,Discussion
Daughter's homework,1790,1706539007.0,0.99,104,https://i.redd.it/amu0ve544efc1.png ,Jello_Penguin_2956,Fluff
This all ranks in TEKKEN 8,1796,1706535701.0,0.98,460,https://i.redd.it/z48f6s5sudfc1.jpeg ,TEKKEN8_BMW,Gameplay
Toxic Online Alisa Instant Karma,1788,1707990527.0,0.97,241,https://v.redd.it/bxfiv9gq0qic1 ,Dynarec94,Gameplay
Heihachi does look younger on EVO reveal trailer today,1790,1721644786.0,0.99,282,https://i.redd.it/7ijhz03vt1ed1.jpeg ,Berserkin_time123,Discussion
I forgot how jacked Nina used to be in Tekken 6 and Tag 2,1788,1719006309.0,0.97,178,https://i.redd.it/cmlrhdnbwz7d1.png ,Extremelysolid8492,Discussion
Tekken 6 still looks dam good even after  17 years since arcade release ,1777,1710360133.0,0.96,223,https://i.redd.it/wj3s3z8sq5oc1.jpeg ,None,Discussion
Shiphtur runs into the average Yoshimitsu,1773,1710264811.0,0.99,90,https://v.redd.it/38jr2y98vxnc1 ,Oldmanchogath,Gameplay
Alisa and Xiaoyu looking strong this patch,1767,1715693098.0,0.99,42,https://i.redd.it/tiutbyma8e0d1.jpeg ,mizifail,MEME
Everyone is jacked,1769,1706187065.0,0.96,584,https://i.redd.it/d6ornra32lec1.jpeg ,None,Discussion
The insane reach on this low makes me feel bad‚Ä¶,1769,1707832752.0,0.97,410,https://v.redd.it/km9eyhfkzcic1 ,TheRealL3monT,Gameplay
Tekken faded retribution,1766,1708875159.0,0.98,53,https://i.redd.it/6g0v1go73rkc1.jpeg ,Anger_Beast,Fluff
Real life Lydia spotted,1764,1723912384.0,0.95,75,https://i.redd.it/n5vpisql49jd1.jpeg ,dutchexcellent,IMAGE
Tekken now has battle pasa. i don't know what to think...,1761,1711698627.0,0.91,1292,https://i.redd.it/im07q40ua8rc1.png ,elfalconverde,Discussion
KNEE : Tekken 8 is not fun.,1754,1713375268.0,0.89,1162,https://www.reddit.com/r/Tekken/comments/1c6fy0j/knee_tekken_8_is_not_fun/ ,ChanceYam2278,Discussion
My Reina cosplay at EVO,1751,1721754321.0,0.98,38,https://i.redd.it/06ln6tlkvaed1.jpeg ,Dracomancer1,Tekken IRL
Mishima family tradition,1745,1711219608.0,0.99,58,https://i.redd.it/1y37xk8fq4qc1.jpeg ,ShadowHeartRuby,Shit Post
No Reina! The traditions Reina! The traditioooooon!!,1748,1702390240.0,0.98,76,https://i.redd.it/wdt0kvb7gv5c1.png ,SoulOfMod,Fluff
i‚Äôm not the only one that feels this way right?,1749,1706568317.0,0.92,228,https://i.redd.it/ovizkcesjgfc1.jpeg ,seventeenYUH,Shit Post
Someone twerked at me on Tekken üò≠,1750,1718193358.0,0.99,70,https://v.redd.it/x5eiqgizq46d1 ,Rafay247,VIDEO
Keep Playing Tekken 7,1744,1712154060.0,0.87,642,https://i.redd.it/ejbr2px1x9sc1.jpeg ,SuhShenron,RANT üßÇ
Harada on breast physics in Tekken 8,1746,1704895087.0,0.99,159,https://i.redd.it/e3yt68uacmbc1.png ,gustavfrigolit,Discussion
Tekken characters ranked by smell,1747,1711902561.0,0.93,398,https://i.redd.it/8m7ocme65prc1.png ,altforcilps,Fluff
Tekken's bad translation.,1737,1707955529.0,0.92,454,https://www.reddit.com/gallery/1ar1ywi ,madmaxwolf,Shit Post
I made a Tekken bot that only presses 3.,1742,1714216572.0,0.98,299,http://www.twitch.tv/jimmashima ,kjempe_humor,Quality Shit Post
"if your pc cant handle tekken so you need to give up playing because of YOUR lag, please, for the love of god, turn your settings down.",1736,1708860754.0,0.94,540,https://v.redd.it/w7uvma9tvpkc1 ,azny0,üßÇ Salt üßÇ
I finally did my first Death Combo. Took me ridiculous amount of hours,1738,1708387825.0,0.98,85,https://v.redd.it/dvpcg3gqtmjc1 ,Alfredagren,Gameplay
I thought I got some hate mail but I saw Ggs so I think (hope) this is a wholesome message,1729,1711545040.0,0.99,146,https://i.redd.it/g4zq4f15mvqc1.jpeg ,pomomp,Discussion
Some new info from Tekken Talk,1726,1708422643.0,0.99,423,https://i.redd.it/m39hihpmppjc1.png ,archiegamez,Discussion
Funny but true üíÄüòÇ,1723,1708160180.0,0.99,68,https://v.redd.it/mq2zsf2714jc1 ,lilkanyd29,Shit Post
When a King player realises you don't know your throw breaks,1719,1720618747.0,0.99,159,https://i.redd.it/gnhfonfq2pbd1.png ,CeladoraRenders,MEME
"Ah yes, the ultimate Mishima technique",1718,1706523591.0,1.0,113,https://i.redd.it/zwuriqlsucfc1.jpeg ,DrAdamsen,Decent Shit Post
Which character should get this move?,1715,1723414216.0,0.98,247,https://v.redd.it/yhfg67aaz3id1 ,VTorb,MEME
[self] Nina Williams Cosplay,1722,1722710362.0,0.96,69,https://i.redd.it/jli5qoeduhgd1.jpeg ,kannibalferox,Tekken IRL
BRO EVEN IN TEKKEN BALL ???üíÄüíÄ,1720,1712412923.0,0.99,112,https://v.redd.it/vuis2wonavsc1 ,Due_Mathematician367,VIDEO
S+ in sidestepping the problem,1716,1710390684.0,0.98,362,https://i.redd.it/ta8usjan98oc1.png ,Rahem2,Discussion
casino mishima.,1707,1717077033.0,0.98,173,https://v.redd.it/c90i41fdjk3d1 ,osuAetherLord,MEME
/tekgen/ users mindset,1700,1708967210.0,0.97,256,https://i.redd.it/rvghqidpoykc1.jpeg ,irememberflick,Fluff
bye,1700,1708664059.0,0.99,182,https://i.redd.it/c9kqyeain9kc1.jpeg ,MetriAndReyes,Shit Post
PSA to new players -You are going to suck for a long time and that's okay.,1690,1707255122.0,0.98,540,https://www.reddit.com/r/Tekken/comments/1aklaqm/psa_to_new_players_you_are_going_to_suck_for_a/ ,EverybodySupernova,Discussion
Ideal Tekken 8 roster according to this sub,1685,1709286950.0,0.96,325,https://i.redd.it/mai2isik3plc1.png ,Dardels,Shit Post
The new patch be like..,1676,1709207810.0,0.97,444,https://i.redd.it/b5j38cr8kilc1.png ,trane13,üßÇ Salt üßÇ
Jin and Devil Jin's interaction be like:,1681,1702499006.0,0.97,104,https://i.redd.it/xllhw2smf46c1.png ,Kah0000,Fluff
helicopter beach ballin,1670,1706548782.0,1.0,83,https://v.redd.it/la59wlqixefc1 ,M3rtButur4k,Shit Post
"I know it's still really low, but it's my first Tekken, so I'm just glad to hit any rank lol",1668,1706898692.0,0.96,372,https://i.redd.it/79b8ad81u7gc1.png ,Phenomelul,Progress
Most shameless plug award goes to...,1658,1710888521.0,0.96,280,https://i.redd.it/w0xjbuivddpc1.png ,Mufire,üßÇ Salt üßÇ
Why Dragunov doesn‚Äôt speak,1649,1709929733.0,0.98,85,https://i.redd.it/dgqwag3076nc1.jpeg ,Cig4aretteP3nis,Fluff
Me on the main menu of Tekken 8,1648,1707597170.0,0.98,95,https://i.redd.it/mnrnsja1jthc1.jpeg ,ShadowHeartRuby,Shit Post
Ran Into Dragunov,1647,1721488512.0,0.98,27,https://i.redd.it/fblevyt6xodd1.jpeg ,Apart_Dance_5767,Tekken IRL
Your First Tekken Game Was:,1638,1707512740.0,0.94,414,https://v.redd.it/yj4e3c4njmhc1 ,daislandboyz_,Shit Post
Keeping My Wife Occupied So I Can Lab Azucena,1636,1706279618.0,0.96,173,https://www.reddit.com/r/Tekken/comments/1abjp3n/keeping_my_wife_occupied_so_i_can_lab_azucena/ ,EatOutMyGrandma,Discussion
Found a use for the Ball,1640,1712717555.0,0.96,116,https://www.reddit.com/gallery/1c0b3do ,Fromhell187,Shit Post
Character Popularity One Month After Release,1634,1708652694.0,0.97,637,https://www.reddit.com/gallery/1axocmv ,kelz_dunks4life,Discussion
The Yoshi drip hits differentüî•,1628,1710641895.0,0.99,73,https://www.reddit.com/gallery/1bgmmtk ,alsamUraie_,Fluff
"With reflexes that quick, Azucena should have won this set",1634,1709872588.0,0.98,117,https://v.redd.it/306pwrj2h1nc1 ,ThePhantomBane,üßÇ Salt üßÇ
The whole cast is 30 years old apparently,1630,1706539885.0,0.99,253,https://i.redd.it/fpth57s87efc1.jpeg ,Kokonut-Z,Discussion
I feel like a traitor,1628,1710513519.0,0.98,175,https://i.redd.it/3u3d3lqteioc1.png ,STMIonReddit,Shit Post
"It was fun while it lasted, Reina",1619,1721606587.0,0.98,94,https://i.redd.it/p3dlyo0aoydd1.jpeg ,LogicalGear1410,MEME
Tekken 8 brings in the most EVO entrants in the franchises history,1619,1710977708.0,0.99,121,https://i.redd.it/uxw7je76rkpc1.jpeg ,kevin1723,Discussion
"I can't believe my eyes, Harada is saying that he wants an old woman in Tekken. I 100% support this, do it Harada!!",1619,1717689475.0,0.94,456,https://www.reddit.com/gallery/1d9ln14 ,FanniLennox,Discussion
There‚Äôs Just No Way‚Ä¶,1617,1714286123.0,0.98,130,https://i.redd.it/cx6cybfs06xc1.jpeg ,Shawnthadon007,IMAGE
Tekken 8 ranked distribution,1616,1708367750.0,0.97,589,https://i.imgur.com/ATInDsN.jpeg ,GeneraIDisarray,Discussion
Such a Wholesome Family,1614,1702225070.0,0.99,65,https://v.redd.it/4ijnwcs2th5c1 ,keshavchaurasia,Fan Art
Hwoarang players be like,1605,1710300334.0,0.99,107,https://i.redd.it/ll5z8sqzs0oc1.jpeg ,CrystalBraver,Shit Post
Peak Tekken 8 Gameplay,1607,1707253021.0,0.99,33,https://v.redd.it/rw5slimq31hc1 ,Llynfi,Shit Post
How fighting against Dragunov feels like,1605,1706896794.0,0.99,155,https://i.redd.it/d0vzvgoio7gc1.jpeg ,keinplan11,Shit Post
This isn‚Äôt considered toxic right? ,1600,1720888902.0,0.96,273,https://v.redd.it/pn07sxx5ebcd1 ,spider-menace,VIDEO
Paul's damage is fine,1599,1710704105.0,0.97,201,https://v.redd.it/ln4zdi9h5yoc1 ,MajinLuke_,Shit Post
Harada wrote this message about the recent news with Dragon Ball creator Akira Toriyama. You can definitely see some form of dragon ball inspiration in tekken.,1602,1709905876.0,0.98,97,https://i.redd.it/4vysehb284nc1.jpeg ,TablePrinterDoor,Discussion
"Just got 3-0 teabagged, taunted and was sent this üò≠üò≠",1589,1708492890.0,0.98,254,https://i.redd.it/3egxmk3jivjc1.jpeg ,Oxytocinox,üßÇ Salt üßÇ
"Not the best game or the best Tekken game, but it was my first Tekken game and the game that changed my life. Fs only in the replies",1588,1705801781.0,0.95,268,https://i.redd.it/qbskye548pdc1.png ,not_rainex,Shit Post
Most Powerful Characters in the Lore (as of Tekken 8),1592,1709043421.0,0.99,308,https://i.redd.it/yit1g502y4lc1.png ,pinkpugita,Discussion
my initial impression of Reina just on looks and attitude alone,1591,1699853876.0,0.98,159,https://i.redd.it/sbzo2pv7y10c1.png ,Azalazel,Shit Post
"""Wow look at all these character customizations!"" Meanwhile Bamco's last 3D fighter:",1584,1707010018.0,0.98,109,https://v.redd.it/e0jdiu3r0hgc1 ,DiaMat2040,Fluff
"First Tekken game ever coming from Mortal Kombat, no one told me Tekken was this fun",1578,1707002106.0,0.94,275,https://i.redd.it/mytkayj8dggc1.png ,MaximusVX,Progress
Winter DLC leaked ,1585,1722089793.0,0.98,85,https://v.redd.it/sfhhcderk2fd1 ,Decent_Ad13,VIDEO
Tekken Shop in a nutshell,1574,1708469630.0,0.98,227,https://i.redd.it/22eayls4ltjc1.png ,None,üßÇ Salt üßÇ
Reina Mishima cosplay,1574,1721299626.0,0.98,71,https://www.reddit.com/gallery/1e68e7d ,mercifulyuyu,Tekken IRL
A cosplayer cosplaying as dragonuv watching a dragonuv player play dragonuv,1570,1719717177.0,0.98,40,https://i.redd.it/toncfje3mm9d1.jpeg ,bryan6363,Tekken IRL
The sales performance of T8 in comparison to SF6 and MK1,1570,1707965003.0,0.98,424,https://i.redd.it/iapinwouwnic1.jpeg ,Classic_Bet_8612,Discussion
LIDIA SOBIESKA IS BACK,1565,1714374346.0,0.96,319,https://i.redd.it/60mq8db4bdxc1.jpeg ,westley635,IMAGE
Reading posts in this sub as a King main:,1563,1706654411.0,0.99,312,https://i.redd.it/e5tjz6fsnnfc1.jpeg ,Koutari,üßÇ Salt üßÇ
Has this been posted before? This is awesome.,1557,1723288663.0,0.99,74,https://v.redd.it/zqdirqdwlthd1 ,ThisIsMySorryFor2004,VIDEO
My social media feed today (Tekken version),1563,1722509169.0,0.97,31,https://v.redd.it/50pzlxbk71gd1 ,NeraizeI,MEME
Why is tekken so scared to make their female cast muscular? The only time they have any muscles was in the crossover with street fighter sfxt,1557,1700050969.0,0.89,592,https://www.reddit.com/gallery/17vsiaq ,None,Discussion
I'm tired boss,1552,1720444365.0,0.97,105,https://i.redd.it/8cccummaoabd1.png ,tchjay92,MEME
I DON‚ÄôT CARE IF ITS BASIC ITS COOLüó£Ô∏è,1560,1706255174.0,0.98,106,https://i.redd.it/7e6b6e8noqec1.jpeg ,Gooddest_Boi,Fluff
Very low effort meme.,1548,1706987841.0,0.96,107,https://i.redd.it/zc5rubv87fgc1.jpeg ,BO_Threshold,Discussion
Knee‚Äôs thoughts on Jun,1550,1707063226.0,0.98,392,https://i.redd.it/4dj993neflgc1.jpeg ,Classic_Bet_8612,Discussion
When your kid comes back from falling off a cliff,1545,1723907120.0,1.0,24,https://v.redd.it/l75p639wo8jd1 ,FitTransportation924,MEME
What the fuck does she mean by this,1543,1709558394.0,0.93,259,https://i.redd.it/ckosf2ksibmc1.png ,Zentaitoken,Fluff
Tekken 4 has the best character portraits. ,1541,1724376715.0,0.96,215,https://i.redd.it/xppx1cx9hbkd1.png ,MosaicZoraiz,Discussion
"TEKKEN 8 CURRENTLY ""MIXED REVIEW"" on Steam. Was ""Positive"" before battlepass, Tekken Shop, Tekken coins, bad patches",1541,1712353603.0,0.92,435,https://i.redd.it/7o8mj8seeqsc1.png ,TheGhostRoninStrife,Discussion
When you've been playing too much Tekken 8 since release ,1531,1707654778.0,0.99,125,https://v.redd.it/stxbqh4eayhc1 ,pbonnp,Shit Post
HARADA PLS DO SOMETHING!! THIS IS DISGUSTING,1531,1707535303.0,0.99,320,https://v.redd.it/obk6se8zeohc1 ,Inner_Drama7024,üßÇ Salt üßÇ
Ranked mode in Tekken 8 right now,1530,1707206885.0,0.98,488,https://i.redd.it/nc749r8jaxgc1.png ,Kolossoni,Shit Post
Congrats to Arslan Ash for becoming a father,1535,1699614733.0,0.97,93,https://i.redd.it/ymheae177izb1.jpg ,Huzaifaboi,Tekken IRL
eliza cosplay (self post),1531,1723490441.0,0.98,55,https://i.redd.it/jecy2o6y9aid1.jpeg ,nematomorphic,Tekken IRL
Murray kidnapped Arslan and fucking MKUltra'd him bruh,1526,1713618750.0,0.96,194,https://i.redd.it/9usuebgcwmvc1.jpeg ,Trem45,Tekken Esports
"If you had to spend a day with your main, how does your day go?",1523,1709400349.0,0.97,1292,https://i.redd.it/7mv0kqevgylc1.jpeg ,Botcoolguy69,Discussion
"Tekken Youtubers need to chill with their thumbnails man, almost got an heartattack when I openend Youtube",1523,1708957100.0,0.97,160,https://i.redd.it/0ss4dp2auxkc1.jpeg ,KevyTone,Shit Post
"Paul's, Jins, and Kazuyas in red ranks be like",1531,1710251773.0,0.98,171,https://i.redd.it/r145b9elswnc1.jpeg ,Explotato,Shit Post
Official artwork of the T8 cast discovered by tekkenchanel,1519,1700123347.0,0.98,212,https://www.reddit.com/gallery/17whzcg ,Wrong-Snow7595,Discussion
Even they agree Reina is brain dead ,1522,1710176255.0,0.91,384,https://i.redd.it/8vs4lth1kqnc1.jpeg ,NixUniverse,Fluff
Kazuya has a point,1517,1706126215.0,0.98,165,https://i.redd.it/teipjkp61gec1.png ,R2J4,Fluff
That's not how business works Xiaoyu (-Jin 2024),1514,1709637719.0,0.98,103,https://i.redd.it/h16ifh1p2imc1.jpeg ,Complex-Policy-9443,Fluff
Keisuke Wave-Dashing to the ring - CEO 2024,1518,1719796682.0,0.99,34,https://v.redd.it/41egcnxh6t9d1 ,uselumina,VIDEO
DOR-YEAH !,1517,1708111315.0,0.99,45,https://i.redd.it/dfgnfuktzzic1.png ,0K4M1,Shit Post
The slowest unblockable be like,1515,1708897038.0,0.99,127,https://v.redd.it/f39c16p1wskc1 ,Shikuro1224,Gameplay
"Harada says they are currently dealing with cheaters on the ranking boards, enjoy your ban !!",1508,1706633331.0,0.99,185,https://i.redd.it/87jmrqx3xlfc1.jpeg ,Youngstown_Mafia,Discussion
Would you accept her offer?,1501,1722581374.0,0.95,189,https://i.redd.it/bnxfacqt67gd1.jpeg ,dragonfist897,MEME
Reina has a new job (art by @kecchi0),1505,1721838524.0,0.99,59,https://i.redd.it/4vkg3w0wthed1.jpeg ,ir51127,Fan Art
i feel betrayed,1499,1710227614.0,0.98,150,https://i.redd.it/a7o584wyrunc1.jpeg ,rockypojken,Shit Post
It's actually becoming insane,1502,1720379304.0,0.96,222,https://i.redd.it/bq8dbfxxa5bd1.jpeg ,Xoeact,MEME
Ask me any question about Tekken then change it to make me look bad,1497,1711386408.0,0.92,452,https://i.redd.it/mh9h312giiqc1.jpeg ,emmdoubleyoutwo,Discussion
Desperate times call for desperate meassures,1499,1711201308.0,0.99,73,https://v.redd.it/d7s0qrvs73qc1 ,HeathenMonk,üßÇ Salt üßÇ
Just got Juns ending wtf is this ending.. ,1491,1723673807.0,0.98,129,https://v.redd.it/8ss5yii1fpid1 ,FitTransportation924,MEME
bruh,1500,1713239367.0,0.98,69,https://i.redd.it/z2n6tk67kruc1.jpeg ,One_Mix9673,IMAGE
post your cursed tekken reaction pictures,1495,1716915650.0,0.99,196,https://i.redd.it/hj9qfdxp773d1.png ,GJTobi,MEME
i‚Äôll show you a knowledge check,1495,1710836311.0,0.97,190,https://v.redd.it/v5v52j1q29pc1 ,dumbidiotnotsmart800,üßÇ Salt üßÇ
Keep your Tekken 8 waifus and fanarts to yourself because they will never be able to replace this ,1496,1705770648.0,0.97,74,https://v.redd.it/pu43xtnwnmdc1 ,CyberSpaceInMyFace,Shit Post
Turns out im secretly a mishima...,1485,1706783457.0,0.95,127,https://i.redd.it/fguy3o6ibyfc1.jpeg ,I_AM_KROGAN_47,Tekken IRL
Who did it better?,1486,1713149552.0,0.96,46,https://i.redd.it/71vs0ay55kuc1.jpeg ,2ndEngineer916,Shit Post
Praying that LTG in that excel list ,1481,1709051312.0,0.96,236,https://i.redd.it/hhd9ho80n5lc1.jpeg ,okirano,üßÇ Salt üßÇ
"I‚Äôm about to have sex, what tekken quote should I use?",1478,1703905065.0,0.94,656,https://i.redd.it/qo2351okkc9c1.jpeg ,Bjtoowawsone,Shit Post
THIS is why the game is so hard to learn for beginners. These 2 moves hit in the EXACT same spot.,1479,1714429336.0,0.97,282,https://i.redd.it/s76j6uqluhxc1.jpeg ,DownTheDonutHole,IMAGE
Time may have forgotten...but I didn't.,1480,1722058586.0,0.98,67,https://i.redd.it/7r7v1d3b00fd1.png ,suicidong,IMAGE
Tekken recreated in Roblox,1482,1713548737.0,0.99,65,https://v.redd.it/a5wzfld34hvc1 ,ShadowHeartRuby,MEME
MAN THIS GAME GETS ME OUT MY SEAT!,1478,1707301849.0,0.99,33,https://v.redd.it/7t11eecx45hc1 ,Ezanami,Gameplay
Nice skin graphics Nina,1475,1701529426.0,0.97,167,https://i.redd.it/iokbburkcw3c1.jpg ,NFTbyND,Fluff
Do I have the most degrading stat line possible?,1465,1707645374.0,0.99,206,https://i.redd.it/o341s8ycixhc1.png ,Eli5723,Shit Post
TEKKEN SHOP UPDATE??,1467,1708071069.0,0.89,1127,https://i.redd.it/mcrerjo8owic1.png ,mugofsnow,Discussion
Tekken 8 new players vs old players,1466,1697291370.0,0.96,202,https://i.redd.it/eq4n125na6ub1.jpg ,Red_butterfly33,Discussion
Saw the DVJ menu model swap mod and just had to do this,1464,1704517052.0,0.99,42,https://i.redd.it/60f2f3ka4rac1.png ,ReikaIsTaken,Shit Post
Trying to learn Azucena and got this nice message,1465,1708935054.0,0.97,465,https://i.redd.it/8htcraz61wkc1.png ,sebas_088,üßÇ Salt üßÇ
WTF???,1462,1710303988.0,0.99,189,https://v.redd.it/bt6djo4b31oc1 ,DeerLow,üßÇ Salt üßÇ
"Daily Reminder: Everyone Hates Alisa, Even Pro Players",1448,1719588273.0,0.95,209,https://i.redd.it/dkg1a7xsyb9d1.png ,lemstry,RANT üßÇ
[self] Nina Williams Cosplay,1448,1722422200.0,0.98,52,https://www.reddit.com/gallery/1egjw68 ,kannibalferox,Tekken IRL
This game is crazy,1442,1708055331.0,1.0,66,https://v.redd.it/acb0fgaedvic1 ,POOPFACE_EGG,Gameplay
Tekken 8 rank experience,1445,1713137684.0,0.98,92,https://v.redd.it/lge72e0v5juc1 ,Puzzleheaded-Pin2981,VIDEO
Tekken 8 arcade machine (self made),1441,1710089427.0,1.0,175,https://www.reddit.com/gallery/1bbevko ,PhantomWebAman,Discussion
i hate my ghost so much,1440,1708524040.0,0.99,170,https://v.redd.it/ycysc1313yjc1 ,nihilism1998,üßÇ Salt üßÇ
"King is NOT broken, you all just suck. Get better scrubs",1434,1710762990.0,0.86,320,https://i.redd.it/7u2nt5gp03pc1.jpeg ,Been777888,üßÇ Salt üßÇ
"Steve's new bio is kinda sad, now i feel bad making fun of him",1429,1701359391.0,0.98,205,https://i.redd.it/j9buymxvai3c1.png ,archiegamez,Discussion
are u fucking kidding me,1427,1708316641.0,0.98,142,https://v.redd.it/jfqjk3paygjc1 ,Seykoya,üßÇ Salt üßÇ
King players as of today,1433,1718146661.0,0.98,72,https://v.redd.it/utrholc5w06d1 ,Anger_Beast,VIDEO
The most undeserving I've ever been of a round win,1430,1713413719.0,0.98,99,https://v.redd.it/pcgnwcany5vc1 ,BrodyGreg,VIDEO
Here‚Äôs my King Cosplay! üêØ,1427,1708895717.0,0.99,82,https://www.reddit.com/gallery/1azz63d ,DoctorDowt,Tekken IRL
Whhen Azucena starts talking about anything (she will mention coffee in every voice line),1436,1707045154.0,0.97,177,https://i.redd.it/itzluuzbxjgc1.jpeg ,Rapethor,Shit Post
My T8 Jun cosplay!,1431,1696958048.0,0.99,58,https://www.reddit.com/gallery/174qitp ,Tyoliana,Tekken IRL
I found my opponents live stream and got to hear him rage against me,1428,1721344979.0,0.97,302,https://v.redd.it/eplfyygd2ddd1 ,Devilxxx10000,VIDEO
You may nerf our flash.. but our style is forever‚Ä¶,1427,1709141718.0,0.98,131,https://www.reddit.com/gallery/1b2byx4 ,alsamUraie_,Fluff
"My God, she is buffed üíì",1419,1721693843.0,0.98,133,https://www.reddit.com/gallery/1e9txrg ,Kebab-Exchange-3676,IMAGE
We'll understand soon enough (10 years),1422,1715772876.0,0.98,72,https://i.redd.it/h3qq2drjtk0d1.jpeg ,Grilled_BananAI,MEME
Harada explaining why he keeps adding Kuma and Panda into the roster,1418,1703999817.0,0.99,205,https://i.redd.it/c30hqzs3ek9c1.jpeg ,Prestigious_Low6266,Discussion
Jin is NOT OP. We are just better than you . This is reality.,1423,1710528693.0,0.88,489,https://i.redd.it/olobkjp0ojoc1.jpeg ,AZXCIV,üßÇ Salt üßÇ
How do I unlock the secret '?' character in the middle? I've tried everything. Or will it be Hitachi when he is added?,1422,1722676469.0,0.94,143,https://i.redd.it/xg3hx1bj1fgd1.jpeg ,Roast-Chook,Shit Post
Addressing a salty take on Rage Arts and Fatal Blows,1417,1709580097.0,0.93,516,https://v.redd.it/lwuny9tcbdmc1 ,StevenBanaszak,Discussion
TMM gets PERFECTED by special style Jin,1416,1707259763.0,0.98,271,https://v.redd.it/ubp239rgn1hc1 ,H0TZ0NE,Gameplay
victor moment,1414,1706787715.0,0.99,67,https://v.redd.it/6lz2yanwnyfc1 ,ClarkGP,Gameplay
The only reason the shop wasn't available at launch is because it would've tanked reviews,1412,1708433032.0,0.84,967,https://www.reddit.com/r/Tekken/comments/1avgrom/the_only_reason_the_shop_wasnt_available_at/ ,Rapethor,üßÇ Salt üßÇ
How many Jack players can say they landed this attack I wonder,1411,1709352812.0,0.99,88,https://v.redd.it/h051t9iijulc1 ,Jackaboss211,Gameplay
Which rank Are You Right Know?,1412,1707815549.0,0.93,1639,https://i.redd.it/lif1bh3gkbic1.jpeg ,lilkanyd29,Discussion
Jun has an updated rage art in the CBT.,1416,1697169653.0,0.97,48,https://v.redd.it/s20wd2qe8wtb1 ,Xil_Jam333,Quality Shit Post
Having a little too much fun with character customizations...,1409,1708236786.0,0.99,44,https://v.redd.it/c38y7jwxbajc1 ,VaniX925,Shit Post
Sounds about right,1405,1697914276.0,0.97,155,https://i.redd.it/1z3tf4lvqlvb1.jpg ,MonkApprehensive4624,Shit Post
Lili's Stomp is a Warcrime was it like this in other Tekkens?,1406,1710088101.0,0.97,171,https://v.redd.it/bbapvx2s9jnc1 ,DownTheDonutHole,üßÇ Salt üßÇ
Even Arslan is astonished at the PS1 Controller Dedication,1407,1716749794.0,0.99,70,https://i.redd.it/baol4mwfit2d1.png ,Soloriginator,Tekken Esports
"Despite being a late addition, Lili rapidly became an iconic character for the franchise, can you explain why?",1402,1708887106.0,0.9,617,https://i.redd.it/4qfwefhq2skc1.png ,CY83RD3M0N2K,Discussion
"Does anyone use this controller or know if it‚Äôs any good? (My dad told me to check the mail and he got it for me, he‚Äôs great lol) also I‚Äôve been playing on keyboard, but I‚Äôm also used to controllers, from other games.",1400,1709738676.0,0.99,347,https://i.redd.it/qc98kg5weqmc1.jpeg ,Jumpy-Function-9136,Discussion
"PSA: Don't buy a Arcade Stick to ""get better at Tekken""",1399,1706884044.0,0.95,674,https://www.reddit.com/r/Tekken/comments/1ah4x83/psa_dont_buy_a_arcade_stick_to_get_better_at/ ,CorpPhoenix,Discussion
"Official renders of Zafina, Devil Jin, Alisa and Lee",1406,1698859539.0,0.98,336,https://www.reddit.com/gallery/17lhbyj ,MelkorBlackFoe,Discussion
"Shit, thats deep",1403,1721246536.0,0.98,50,https://i.redd.it/hbe9vhmmx4dd1.jpeg ,elfalconverde,Shit Post
*not my vid*,1403,1706722717.0,0.99,97,https://v.redd.it/5kgmle8watfc1 ,RazborkaPtrsk2,Fluff
Which one are you?,1400,1710150301.0,0.98,163,https://i.redd.it/hflqbo7veonc1.jpeg ,DoryaDoryaDorya,Fluff
If only I‚Äôd known this sooner!!,1395,1713189385.0,0.99,52,https://v.redd.it/9nbsejslfnuc1 ,Herbert812,MEME
This plugging mf got caught in 4k üòÇ,1392,1711675678.0,0.98,201,https://i.redd.it/re1710ale6rc1.jpeg ,theactionstar,üßÇ Salt üßÇ
Tekken 8 sold over 2 Million copies ,1397,1708957580.0,0.98,215,https://i.redd.it/b77h6tlawxkc1.jpeg ,PopularxGamerZz,Discussion
